"","x","Group.1"
"1",0.00751951195841333,1
"2",0.00502880262508,2
"3",0.0247054063584333,3
"4",0.0321775343584333,4
"5",0.0291886831584333,5
"6",0.0227128388917667,6
"7",0.0174823492917667,7
"8",0.0157388527584333,8
"9",0.0129990724917667,9
"10",0.0115046468917667,10
"11",0.00976115035842667,11
"12",0.00951207942509,12
"13",0.0100102212917567,13
"14",0.01025929222509,14
"15",0.0112555759584333,15
"16",0.01050836315843,16
"17",0.01050836315843,17
"18",0.0107574340917633,18
"19",0.00926300849175333,19
"20",0.00926300849175333,20
"21",0.0115046468917667,21
"22",0.0229619098251,22
"23",0.0316793924917667,23
"24",0.0249544772917667,24
"25",0.0279433284917667,25
"26",0.0276942575584333,26
"27",0.0232109807584333,27
"28",0.0257016900917667,28
"29",0.0279433284917667,29
"30",0.0232109807584333,30
"31",0.0264489028917667,31
"32",0.0274451866251,32
"33",0.0252035482251,33
"34",0.0259507610251,34
"35",0.0117537178251,35
"36",0.0127500015584333,36
"37",0.01125557595843,37
"38",0.00951207942509,38
"39",0.0117537178250967,39
"40",0.01125557595843,40
"41",0.0102592922251,41
"42",0.0100102212917633,42
"43",0.0105083631584333,43
"44",0.00926300849175667,44
"45",0.00851579569175,45
"46",0.00976115035842667,46
"47",0.00951207942509,47
"48",0.0120027887584333,48
"49",0.0276942575584333,49
"50",0.0366608111584333,50
"51",0.0336719599584333,51
"52",0.0319284634251,52
"53",0.0314303215584333,53
"54",0.0249544772917667,54
"55",0.0257016900917667,55
"56",0.0247054063584333,56
"57",0.0286905412917667,57
"58",0.0247054063584333,58
"59",0.0149916399584333,59
"60",0.0132481434251,60
"61",0.0149916399584333,61
"62",0.0319284634251,62
"63",0.0321775343584333,63
"64",0.0319284634251,64
"65",0.0296868250251,65
"66",0.0274451866251,66
"67",0.0254526191584333,67
"68",0.0259507610251,68
"69",0.0264489028917667,69
"70",0.0279433284917667,70
"71",0.0207202714251,71
"72",0.0125009306251,72
"73",0.0134972143584333,73
"74",0.0192258458251,74
"75",0.0341701018251,75
"76",0.0331738180917667,76
"77",0.0291886831584333,77
"78",0.0259507610251,78
"79",0.0244563354251,79
"80",0.0284414703584333,80
"81",0.0331738180917667,81
"82",0.0299358959584333,82
"83",0.0266979738251,83
"84",0.0269470447584333,84
"85",0.0257016900917667,85
"86",0.0247054063584333,86
"87",0.0182295620917667,87
"88",0.0117537178251,88
"89",0.0129990724917667,89
"90",0.0311812506251,90
"91",0.0314303215584333,91
"92",0.0271961156917667,92
"93",0.0281923994251,93
"94",0.0249544772917667,94
"95",0.0127500015584333,95
"96",0.0152407108917667,96
"97",0.0301849668917667,97
"98",0.0294377540917667,98
"99",0.0304340378251,99
"100",0.0299358959584333,100
"101",0.0309321796917667,101
"102",0.0214674842251,102
"103",0.0147425690251,103
"104",0.0344191727584333,104
"105",0.0306831087584333,105
"106",0.0331738180917667,106
"107",0.0418913007584333,107
"108",0.0456273647584333,108
"109",0.0496124996917667,109
"110",0.0548429892917667,110
"111",0.0588281242251,111
"112",0.0603225498251,112
"113",0.0595753370251,113
"114",0.0633114010251,114
"115",0.0670474650251,115
"116",0.0685418906251,116
"117",0.0710325999584333,117
"118",0.0727760964917667,118
"119",0.0747686639584333,119
"120",0.0752668058251,120
"121",0.0757649476917667,121
"122",0.0752668058251,122
"123",0.0755158767584333,123
"124",0.0762630895584333,124
"125",0.0747686639584333,125
"126",0.0760140186251,126
"127",0.0795010116917667,127
"128",0.0807463663584333,128
"129",0.0795010116917667,129
"130",0.0760140186251,130
"131",0.0692891034251,131
"132",0.0628132591584333,132
"133",0.0563374148917667,133
"134",0.0523522799584333,134
"135",0.0448801519584333,135
"136",0.0428875844917667,136
"137",0.0398987332917667,137
"138",0.0379061658251,138
"139",0.0349173146251,139
"140",0.0319284634251,140
"141",0.0296868250251,141
"142",0.0259507610251,142
"143",0.0247054063584333,143
"144",0.0234600516917667,144
"145",0.0214674842251,145
"146",0.0214674842251,146
"147",0.0224637679584333,147
"148",0.0219656260917667,148
"149",0.0192258458251,149
"150",0.0182295620917667,150
"151",0.0184786330251,151
"152",0.0169842074251,152
"153",0.0172332783584333,153
"154",0.0149916399584333,154
"155",0.0152407108917667,155
"156",0.0134972143584333,156
"157",0.0127500015584333,157
"158",0.0341701018251,158
"159",0.0341701018251,159
"160",0.0234600516917667,160
"161",0.0192258458251,161
"162",0.0142444271584333,162
"163",0.0164860655584333,163
"164",0.0154897818251,164
"165",0.0152407108917667,165
"166",0.0182295620917667,166
"167",0.0207202714251,167
"168",0.0197239876917667,168
"169",0.0162369946251,169
"170",0.0149916399584333,170
"171",0.0154897818251,171
"172",0.0132481434251,172
"173",0.0147425690251,173
"174",0.0147425690251,174
"175",0.0144934980917667,175
"176",0.0157388527584333,176
"177",0.0157388527584333,177
"178",0.0154897818251,178
"179",0.0142444271584333,179
"180",0.0147425690251,180
"181",0.0132481434251,181
"182",0.0197239876917667,182
"183",0.0187277039584333,183
"184",0.0162369946251,184
"185",0.0142444271584333,185
"186",0.0147425690251,186
"187",0.0182295620917667,187
"188",0.0162369946251,188
"189",0.0301849668917667,189
"190",0.0244563354251,190
"191",0.0182295620917667,191
"192",0.0167351364917667,192
"193",0.0147425690251,193
"194",0.0197239876917667,194
"195",0.0139953562251,195
"196",0.0125009306251,196
"197",0.0117537178251,197
"198",0.0132481434251,198
"199",0.0142444271584333,199
"200",0.0120027887584333,200
"201",0.0179804911584333,201
"202",0.0222146970251,202
"203",0.0184786330251,203
"204",0.0167351364917667,204
"205",0.0266979738251,205
"206",0.0374080239584333,206
"207",0.0266979738251,207
"208",0.0234600516917667,208
"209",0.0261998319584333,209
"210",0.0369098820917667,210
"211",0.0481180740917667,211
"212",0.0481180740917667,212
"213",0.0511069252917667,213
"214",0.0553411311584333,214
"215",0.0598244079584333,215
"216",0.0608206916917667,216
"217",0.0588281242251,217
"218",0.0588281242251,218
"219",0.0575827695584333,219
"220",0.0580809114251,220
"221",0.0580809114251,221
"222",0.0580809114251,222
"223",0.0585790532917667,223
"224",0.0580809114251,224
"225",0.0583299823584333,225
"226",0.0593262660917667,226
"227",0.0593262660917667,227
"228",0.0595753370251,228
"229",0.0595753370251,229
"230",0.0595753370251,230
"231",0.0590771951584333,231
"232",0.0585790532917667,232
"233",0.0593262660917667,233
"234",0.0575827695584333,234
"235",0.0575827695584333,235
"236",0.0580809114251,236
"237",0.0575827695584333,237
"238",0.0575827695584333,238
"239",0.0588281242251,239
"240",0.0573336986251,240
"241",0.0583299823584333,241
"242",0.0580809114251,242
"243",0.0580809114251,243
"244",0.0588281242251,244
"245",0.0575827695584333,245
"246",0.0578318404917667,246
"247",0.0580809114251,247
"248",0.0588281242251,248
"249",0.0585790532917667,249
"250",0.0568355567584333,250
"251",0.0575827695584333,251
"252",0.0573336986251,252
"253",0.0568355567584333,253
"254",0.0648058266251,254
"255",0.0732742383584333,255
"256",0.0787537988917667,256
"257",0.0692891034251,257
"258",0.0595753370251,258
"259",0.0578318404917667,259
"260",0.0593262660917667,260
"261",0.0610697626251,261
"262",0.0605716207584333,262
"263",0.0590771951584333,263
"264",0.0578318404917667,264
"265",0.0575827695584333,265
"266",0.0575827695584333,266
"267",0.0570846276917667,267
"268",0.0565864858251,268
"269",0.0563374148917667,269
"270",0.0573336986251,270
"271",0.0568355567584333,271
"272",0.0570846276917667,272
"273",0.0613188335584333,273
"274",0.0633114010251,274
"275",0.0610697626251,275
"276",0.0578318404917667,276
"277",0.0595753370251,277
"278",0.0608206916917667,278
"279",0.0628132591584333,279
"280",0.0613188335584333,280
"281",0.0279433284917667,281
"282",0.0154897818251,282
"283",0.0261998319584333,283
"284",0.0351663855584333,284
"285",0.0229619098251,285
"286",0.0284414703584333,286
"287",0.0232109807584333,287
"288",0.0326756762251,288
"289",0.0197239876917667,289
"290",0.0209693423584333,290
"291",0.0234600516917667,291
"292",0.0274451866251,292
"293",0.0232109807584333,293
"294",0.0199730586251,294
"295",0.0304340378251,295
"296",0.0237091226251,296
"297",0.0254526191584333,297
"298",0.0187277039584333,298
"299",0.0304340378251,299
"300",0.0202221295584333,300
"301",0.0269470447584333,301
"302",0.0169842074251,302
"303",0.0351663855584333,303
"304",0.0177314202251,304
"305",0.0276942575584333,305
"306",0.0172332783584333,306
"307",0.0354154564917667,307
"308",0.0167351364917667,308
"309",0.0284414703584333,309
"310",0.0182295620917667,310
"311",0.0341701018251,311
"312",0.0154897818251,312
"313",0.0172332783584333,313
"314",0.0157388527584333,314
"315",0.0129990724917667,315
"316",0.0199730586251,316
"317",0.0286905412917667,317
"318",0.0182295620917667,318
"319",0.0144934980917667,319
"320",0.0152407108917667,320
"321",0.0311812506251,321
"322",0.0309321796917667,322
"323",0.0291886831584333,323
"324",0.0257016900917667,324
"325",0.0244563354251,325
"326",0.0247054063584333,326
"327",0.0239581935584333,327
"328",0.0217165551584333,328
"329",0.0159879236917667,329
"330",0.0167351364917667,330
"331",0.0214674842251,331
"332",0.0179804911584333,332
"333",0.0204712004917667,333
"334",0.0266979738251,334
"335",0.0379061658251,335
"336",0.0466236484917667,336
"337",0.0523522799584333,337
"338",0.0565864858251,338
"339",0.0598244079584333,339
"340",0.0598244079584333,340
"341",0.0623151172917667,341
"342",0.0653039684917667,342
"343",0.0667983940917667,343
"344",0.0705344580917667,344
"345",0.0710325999584333,345
"346",0.0727760964917667,346
"347",0.0745195930251,347
"348",0.0755158767584333,348
"349",0.0762630895584333,349
"350",0.0752668058251,350
"351",0.0765121604917667,351
"352",0.0770103023584333,352
"353",0.0777575151584333,353
"354",0.0767612314251,354
"355",0.0765121604917667,355
"356",0.0760140186251,356
"357",0.0730251674251,357
"358",0.0677946778251,358
"359",0.0620660463584333,359
"360",0.0553411311584333,360
"361",0.0501106415584333,361
"362",0.0448801519584333,362
"363",0.0421403716917667,363
"364",0.0398987332917667,364
"365",0.0384043076917667,365
"366",0.0349173146251,366
"367",0.0321775343584333,367
"368",0.0281923994251,368
"369",0.0257016900917667,369
"370",0.0239581935584333,370
"371",0.0229619098251,371
"372",0.0212184132917667,372
"373",0.0202221295584333,373
"374",0.0202221295584333,374
"375",0.0252035482251,375
"376",0.0217165551584333,376
"377",0.0194749167584333,377
"378",0.0174823492917667,378
"379",0.0179804911584333,379
"380",0.0187277039584333,380
"381",0.0316793924917667,381
"382",0.0354154564917667,382
"383",0.0346682436917667,383
"384",0.0314303215584333,384
"385",0.0321775343584333,385
"386",0.0508578543584333,386
"387",0.0418913007584333,387
"388",0.0316793924917667,388
"389",0.0311812506251,389
"390",0.0259507610251,390
"391",0.0301849668917667,391
"392",0.0281923994251,392
"393",0.0306831087584333,393
"394",0.0266979738251,394
"395",0.0244563354251,395
"396",0.0199730586251,396
"397",0.0164860655584333,397
"398",0.0132481434251,398
"399",0.0125009306251,399
"400",0.0139953562251,400
"401",0.0157388527584333,401
"402",0.0172332783584333,402
"403",0.0164860655584333,403
"404",0.0159879236917667,404
"405",0.0139953562251,405
"406",0.0120027887584333,406
"407",0.0134972143584333,407
"408",0.0129990724917667,408
"409",0.0122518596917667,409
"410",0.0182295620917667,410
"411",0.0212184132917667,411
"412",0.0174823492917667,412
"413",0.0162369946251,413
"414",0.0132481434251,414
"415",0.0172332783584333,415
"416",0.0147425690251,416
"417",0.0281923994251,417
"418",0.0261998319584333,418
"419",0.0207202714251,419
"420",0.0147425690251,420
"421",0.0142444271584333,421
"422",0.0184786330251,422
"423",0.0134972143584333,423
"424",0.0112555759584333,424
"425",0.0112555759584333,425
"426",0.0112555759584333,426
"427",0.0132481434251,427
"428",0.0122518596917667,428
"429",0.0144934980917667,429
"430",0.0222146970251,430
"431",0.0192258458251,431
"432",0.0164860655584333,432
"433",0.0152407108917667,433
"434",0.0374080239584333,434
"435",0.0306831087584333,435
"436",0.0234600516917667,436
"437",0.0234600516917667,437
"438",0.0304340378251,438
"439",0.0416422298251,439
"440",0.0488652868917667,440
"441",0.0488652868917667,441
"442",0.0538467055584333,442
"443",0.0555902020917667,443
"444",0.0605716207584333,444
"445",0.0600734788917667,445
"446",0.0573336986251,446
"447",0.0590771951584333,447
"448",0.0598244079584333,448
"449",0.0590771951584333,449
"450",0.0615679044917667,450
"451",0.0613188335584333,451
"452",0.0595753370251,452
"453",0.0608206916917667,453
"454",0.0608206916917667,454
"455",0.0610697626251,455
"456",0.0595753370251,456
"457",0.0598244079584333,457
"458",0.0593262660917667,458
"459",0.0590771951584333,459
"460",0.0590771951584333,460
"461",0.0583299823584333,461
"462",0.0570846276917667,462
"463",0.0580809114251,463
"464",0.0568355567584333,464
"465",0.0558392730251,465
"466",0.0583299823584333,466
"467",0.0573336986251,467
"468",0.0568355567584333,468
"469",0.0573336986251,469
"470",0.0565864858251,470
"471",0.0568355567584333,471
"472",0.0568355567584333,472
"473",0.0570846276917667,473
"474",0.0573336986251,474
"475",0.0575827695584333,475
"476",0.0563374148917667,476
"477",0.0570846276917667,477
"478",0.0563374148917667,478
"479",0.0570846276917667,479
"480",0.0560883439584333,480
"481",0.0560883439584333,481
"482",0.0563374148917667,482
"483",0.0635604719584333,483
"484",0.0702853871584333,484
"485",0.0787537988917667,485
"486",0.0702853871584333,486
"487",0.0613188335584333,487
"488",0.0570846276917667,488
"489",0.0570846276917667,489
"490",0.0600734788917667,490
"491",0.0600734788917667,491
"492",0.0573336986251,492
"493",0.0575827695584333,493
"494",0.0565864858251,494
"495",0.0575827695584333,495
"496",0.0570846276917667,496
"497",0.0555902020917667,497
"498",0.0563374148917667,498
"499",0.0558392730251,499
"500",0.0573336986251,500
"501",0.0563374148917667,501
"502",0.0585790532917667,502
"503",0.0645567556917667,503
"504",0.0588281242251,504
"505",0.0585790532917667,505
"506",0.0568355567584333,506
"507",0.0600734788917667,507
"508",0.0608206916917667,508
"509",0.0598244079584333,509
"510",0.0418913007584333,510
"511",0.0125009306250967,511
"512",0.0281923994251,512
"513",0.0349173146251,513
"514",0.0217165551584333,514
"515",0.0311812506251,515
"516",0.0197239876917667,516
"517",0.0356645274251,517
"518",0.0162369946251,518
"519",0.0247054063584333,519
"520",0.0162369946251,520
"521",0.0326756762251,521
"522",0.0162369946251,522
"523",0.0279433284917667,523
"524",0.0189767748917667,524
"525",0.0339210308917667,525
"526",0.0177314202251,526
"527",0.0244563354251,527
"528",0.0192258458251,528
"529",0.0314303215584333,529
"530",0.0204712004917667,530
"531",0.0239581935584333,531
"532",0.0232109807584333,532
"533",0.0286905412917667,533
"534",0.0217165551584333,534
"535",0.0219656260917667,535
"536",0.0254526191584333,536
"537",0.0249544772917667,537
"538",0.0247054063584333,538
"539",0.0184786330251,539
"540",0.0286905412917667,540
"541",0.0224637679584333,541
"542",0.0154897818251,542
"543",0.0174823492917667,543
"544",0.0134972143584333,544
"545",0.0127500015584333,545
"546",0.0254526191584333,546
"547",0.0242072644917667,547
"548",0.0149916399584333,548
"549",0.0137462852917667,549
"550",0.0209693423584333,550
"551",0.0299358959584333,551
"552",0.0286905412917667,552
"553",0.0276942575584333,553
"554",0.0257016900917667,554
"555",0.0239581935584333,555
"556",0.0249544772917667,556
"557",0.0239581935584333,557
"558",0.0204712004917667,558
"559",0.0154897818251,559
"560",0.0184786330251,560
"561",0.0202221295584333,561
"562",0.0187277039584333,562
"563",0.0199730586251,563
"564",0.0284414703584333,564
"565",0.0398987332917667,565
"566",0.0488652868917667,566
"567",0.0528504218251,567
"568",0.0573336986251,568
"569",0.0598244079584333,569
"570",0.0595753370251,570
"571",0.0635604719584333,571
"572",0.0660511812917667,572
"573",0.0682928196917667,573
"574",0.0702853871584333,574
"575",0.0722779546251,575
"576",0.0727760964917667,576
"577",0.0747686639584333,577
"578",0.0750177348917667,578
"579",0.0747686639584333,579
"580",0.0760140186251,580
"581",0.0752668058251,581
"582",0.0762630895584333,582
"583",0.0767612314251,583
"584",0.0767612314251,584
"585",0.0770103023584333,585
"586",0.0752668058251,586
"587",0.0722779546251,587
"588",0.0663002522251,588
"589",0.0600734788917667,589
"590",0.0533485636917667,590
"591",0.0491143578251,591
"592",0.0458764356917667,592
"593",0.0423894426251,593
"594",0.0391515204917667,594
"595",0.0361626692917667,595
"596",0.0329247471584333,596
"597",0.0306831087584333,597
"598",0.0276942575584333,598
"599",0.0261998319584333,599
"600",0.0234600516917667,600
"601",0.0222146970251,601
"602",0.0212184132917667,602
"603",0.0204712004917667,603
"604",0.0197239876917667,604
"605",0.0261998319584333,605
"606",0.0232109807584333,606
"607",0.0184786330251,607
"608",0.0164860655584333,608
"609",0.0172332783584333,609
"610",0.0174823492917667,610
"611",0.0286905412917667,611
"612",0.0351663855584333,612
"613",0.0359135983584333,613
"614",0.0306831087584333,614
"615",0.0311812506251,615
"616",0.0483671450251,616
"617",0.0441329391584333,617
"618",0.0309321796917667,618
"619",0.0311812506251,619
"620",0.0252035482251,620
"621",0.0301849668917667,621
"622",0.0291886831584333,622
"623",0.0309321796917667,623
"624",0.0284414703584333,624
"625",0.0232109807584333,625
"626",0.0207202714251,626
"627",0.0169842074251,627
"628",0.0134972143584333,628
"629",0.0139953562251,629
"630",0.0134972143584333,630
"631",0.0139953562251,631
"632",0.0164860655584333,632
"633",0.0172332783584333,633
"634",0.0162369946251,634
"635",0.0137462852917667,635
"636",0.0139953562251,636
"637",0.0129990724917667,637
"638",0.0120027887584333,638
"639",0.0127500015584333,639
"640",0.0152407108917667,640
"641",0.0257016900917667,641
"642",0.0169842074251,642
"643",0.0157388527584333,643
"644",0.0137462852917667,644
"645",0.0154897818251,645
"646",0.0134972143584333,646
"647",0.0219656260917667,647
"648",0.0286905412917667,648
"649",0.0237091226251,649
"650",0.0162369946251,650
"651",0.0137462852917667,651
"652",0.0159879236917667,652
"653",0.0157388527584333,653
"654",0.0112555759584333,654
"655",0.0115046468917667,655
"656",0.0120027887584333,656
"657",0.0139953562251,657
"658",0.0129990724917667,658
"659",0.0117537178251,659
"660",0.0204712004917667,660
"661",0.0207202714251,661
"662",0.0179804911584333,662
"663",0.0142444271584333,663
"664",0.0271961156917667,664
"665",0.0349173146251,665
"666",0.0257016900917667,666
"667",0.0239581935584333,667
"668",0.0261998319584333,668
"669",0.0374080239584333,669
"670",0.0473708612917667,670
"671",0.0478690031584333,671
"672",0.0516050671584333,672
"673",0.0518541380917667,673
"674",0.0600734788917667,674
"675",0.0593262660917667,675
"676",0.0595753370251,676
"677",0.0575827695584333,677
"678",0.0583299823584333,678
"679",0.0595753370251,679
"680",0.0590771951584333,680
"681",0.0603225498251,681
"682",0.0605716207584333,682
"683",0.0588281242251,683
"684",0.0603225498251,684
"685",0.0593262660917667,685
"686",0.0600734788917667,686
"687",0.0593262660917667,687
"688",0.0593262660917667,688
"689",0.0588281242251,689
"690",0.0580809114251,690
"691",0.0578318404917667,691
"692",0.0578318404917667,692
"693",0.0568355567584333,693
"694",0.0568355567584333,694
"695",0.0570846276917667,695
"696",0.0568355567584333,696
"697",0.0563374148917667,697
"698",0.0578318404917667,698
"699",0.0565864858251,699
"700",0.0568355567584333,700
"701",0.0563374148917667,701
"702",0.0560883439584333,702
"703",0.0563374148917667,703
"704",0.0573336986251,704
"705",0.0565864858251,705
"706",0.0558392730251,706
"707",0.0575827695584333,707
"708",0.0570846276917667,708
"709",0.0565864858251,709
"710",0.0568355567584333,710
"711",0.0563374148917667,711
"712",0.0553411311584333,712
"713",0.0558392730251,713
"714",0.0663002522251,714
"715",0.0717798127584333,715
"716",0.0780065860917667,716
"717",0.0643076847584333,717
"718",0.0600734788917667,718
"719",0.0575827695584333,719
"720",0.0568355567584333,720
"721",0.0583299823584333,721
"722",0.0580809114251,722
"723",0.0583299823584333,723
"724",0.0570846276917667,724
"725",0.0568355567584333,725
"726",0.0563374148917667,726
"727",0.0563374148917667,727
"728",0.0545939183584333,728
"729",0.0568355567584333,729
"730",0.0563374148917667,730
"731",0.0553411311584333,731
"732",0.0575827695584333,732
"733",0.0588281242251,733
"734",0.0635604719584333,734
"735",0.0593262660917667,735
"736",0.0568355567584333,736
"737",0.0570846276917667,737
"738",0.0600734788917667,738
"739",0.0603225498251,739
"740",0.0588281242251,740
"741",0.0329247471584333,741
"742",0.0129990724917633,742
"743",0.0286905412917667,743
"744",0.0369098820917667,744
"745",0.0204712004917667,745
"746",0.0296868250251,746
"747",0.0194749167584333,747
"748",0.0334228890251,748
"749",0.0184786330251,749
"750",0.0229619098251,750
"751",0.0177314202251,751
"752",0.0214674842251,752
"753",0.0284414703584333,753
"754",0.0192258458251,754
"755",0.0242072644917667,755
"756",0.0177314202251,756
"757",0.0349173146251,757
"758",0.0152407108917667,758
"759",0.0261998319584333,759
"760",0.0164860655584333,760
"761",0.0326756762251,761
"762",0.0162369946251,762
"763",0.0261998319584333,763
"764",0.0179804911584333,764
"765",0.0291886831584333,765
"766",0.0242072644917667,766
"767",0.0242072644917667,767
"768",0.0187277039584333,768
"769",0.0219656260917667,769
"770",0.0271961156917667,770
"771",0.0197239876917667,771
"772",0.0259507610251,772
"773",0.0164860655584333,773
"774",0.0344191727584333,774
"775",0.0167351364917667,775
"776",0.0169842074251,776
"777",0.0172332783584333,777
"778",0.0127500015584333,778
"779",0.0125009306251,779
"780",0.0259507610251,780
"781",0.0242072644917667,781
"782",0.0142444271584333,782
"783",0.0129990724917667,783
"784",0.0207202714251,784
"785",0.0301849668917667,785
"786",0.0296868250251,786
"787",0.0271961156917667,787
"788",0.0257016900917667,788
"789",0.0239581935584333,789
"790",0.0247054063584333,790
"791",0.0234600516917667,791
"792",0.0212184132917667,792
"793",0.0147425690251,793
"794",0.0179804911584333,794
"795",0.0199730586251,795
"796",0.0184786330251,796
"797",0.0212184132917667,797
"798",0.0279433284917667,798
"799",0.0408950170251,799
"800",0.0476199322251,800
"801",0.0530994927584333,801
"802",0.0578318404917667,802
"803",0.0608206916917667,803
"804",0.0588281242251,804
"805",0.0628132591584333,805
"806",0.0658021103584333,806
"807",0.0680437487584333,807
"808",0.0700363162251,808
"809",0.0710325999584333,809
"810",0.0732742383584333,810
"811",0.0755158767584333,811
"812",0.0742705220917667,812
"813",0.0755158767584333,813
"814",0.0762630895584333,814
"815",0.0755158767584333,815
"816",0.0765121604917667,816
"817",0.0760140186251,817
"818",0.0772593732917667,818
"819",0.0760140186251,819
"820",0.0755158767584333,820
"821",0.0717798127584333,821
"822",0.0670474650251,822
"823",0.0608206916917667,823
"824",0.0530994927584333,824
"825",0.0488652868917667,825
"826",0.0451292228917667,826
"827",0.0421403716917667,827
"828",0.0394005914251,828
"829",0.0364117402251,829
"830",0.0341701018251,830
"831",0.0311812506251,831
"832",0.0281923994251,832
"833",0.0254526191584333,833
"834",0.0242072644917667,834
"835",0.0222146970251,835
"836",0.0212184132917667,836
"837",0.0197239876917667,837
"838",0.0192258458251,838
"839",0.0242072644917667,839
"840",0.0259507610251,840
"841",0.0212184132917667,841
"842",0.0182295620917667,842
"843",0.0179804911584333,843
"844",0.0182295620917667,844
"845",0.0247054063584333,845
"846",0.0344191727584333,846
"847",0.0336719599584333,847
"848",0.0316793924917667,848
"849",0.0299358959584333,849
"850",0.0433857263584333,850
"851",0.0503597124917667,851
"852",0.0311812506251,852
"853",0.0321775343584333,853
"854",0.0286905412917667,854
"855",0.0274451866251,855
"856",0.0306831087584333,856
"857",0.0319284634251,857
"858",0.0301849668917667,858
"859",0.0237091226251,859
"860",0.0224637679584333,860
"861",0.0174823492917667,861
"862",0.0139953562251,862
"863",0.0132481434251,863
"864",0.0137462852917667,864
"865",0.0147425690251,865
"866",0.0162369946251,866
"867",0.0162369946251,867
"868",0.0164860655584333,868
"869",0.0154897818251,869
"870",0.0129990724917667,870
"871",0.0132481434251,871
"872",0.0125009306251,872
"873",0.0137462852917667,873
"874",0.0147425690251,874
"875",0.0227128388917667,875
"876",0.0182295620917667,876
"877",0.0159879236917667,877
"878",0.0147425690251,878
"879",0.0147425690251,879
"880",0.0174823492917667,880
"881",0.0179804911584333,881
"882",0.0294377540917667,882
"883",0.0249544772917667,883
"884",0.0187277039584333,884
"885",0.0149916399584333,885
"886",0.0142444271584333,886
"887",0.0149916399584333,887
"888",0.0110065050251,888
"889",0.0115046468917667,889
"890",0.0110065050251,890
"891",0.0125009306251,891
"892",0.0129990724917667,892
"893",0.0117537178251,893
"894",0.0167351364917667,894
"895",0.0232109807584333,895
"896",0.0174823492917667,896
"897",0.0167351364917667,897
"898",0.0179804911584333,898
"899",0.0384043076917667,899
"900",0.0281923994251,900
"901",0.0227128388917667,901
"902",0.0247054063584333,902
"903",0.0339210308917667,903
"904",0.0433857263584333,904
"905",0.0468727194251,905
"906",0.0496124996917667,906
"907",0.0503597124917667,907
"908",0.0568355567584333,908
"909",0.0585790532917667,909
"910",0.0578318404917667,910
"911",0.0555902020917667,911
"912",0.0558392730251,912
"913",0.0578318404917667,913
"914",0.0568355567584333,914
"915",0.0580809114251,915
"916",0.0573336986251,916
"917",0.0570846276917667,917
"918",0.0575827695584333,918
"919",0.0565864858251,919
"920",0.0575827695584333,920
"921",0.0573336986251,921
"922",0.0578318404917667,922
"923",0.0563374148917667,923
"924",0.0563374148917667,924
"925",0.0563374148917667,925
"926",0.0548429892917667,926
"927",0.0555902020917667,927
"928",0.0553411311584333,928
"929",0.0548429892917667,929
"930",0.0555902020917667,930
"931",0.0548429892917667,931
"932",0.0553411311584333,932
"933",0.0548429892917667,933
"934",0.0555902020917667,934
"935",0.0548429892917667,935
"936",0.0540957764917667,936
"937",0.0538467055584333,937
"938",0.0550920602251,938
"939",0.0540957764917667,939
"940",0.0545939183584333,940
"941",0.0560883439584333,941
"942",0.0545939183584333,942
"943",0.0550920602251,943
"944",0.0540957764917667,944
"945",0.0545939183584333,945
"946",0.0526013508917667,946
"947",0.0545939183584333,947
"948",0.0598244079584333,948
"949",0.0665493231584333,949
"950",0.0767612314251,950
"951",0.0687909615584333,951
"952",0.0575827695584333,952
"953",0.0565864858251,953
"954",0.0553411311584333,954
"955",0.0570846276917667,955
"956",0.0568355567584333,956
"957",0.0555902020917667,957
"958",0.0548429892917667,958
"959",0.0548429892917667,959
"960",0.0548429892917667,960
"961",0.0543448474251,961
"962",0.0548429892917667,962
"963",0.0538467055584333,963
"964",0.0533485636917667,964
"965",0.0543448474251,965
"966",0.0540957764917667,966
"967",0.0550920602251,967
"968",0.0620660463584333,968
"969",0.0575827695584333,969
"970",0.0578318404917667,970
"971",0.0526013508917667,971
"972",0.0593262660917667,972
"973",0.0590771951584333,973
"974",0.0575827695584333,974
"975",0.0516050671584333,975
"976",0.0122518596917633,976
"977",0.0217165551584333,977
"978",0.0326756762251,978
"979",0.0264489028917667,979
"980",0.0192258458251,980
"981",0.0187277039584333,981
"982",0.0184786330251,982
"983",0.0212184132917667,983
"984",0.0177314202251,984
"985",0.0132481434251,985
"986",0.0159879236917667,986
"987",0.0207202714251,987
"988",0.0276942575584333,988
"989",0.0154897818251,989
"990",0.0169842074251,990
"991",0.0152407108917667,991
"992",0.0189767748917667,992
"993",0.0139953562251,993
"994",0.0120027887584333,994
"995",0.0214674842251,995
"996",0.0207202714251,996
"997",0.0187277039584333,997
"998",0.0192258458251,998
"999",0.0129990724917667,999
"1000",0.0120027887584333,1000
"1001",0.00926300849175667,1001
"1002",0.00727044102508,1002
"1003",0.00776858289174667,1003
"1004",0.00976115035842333,1004
"1005",0.0174823492917667,1005
"1006",0.0139953562251,1006
"1007",0.0142444271584333,1007
"1008",0.0142444271584333,1008
"1009",0.0349173146251,1009
"1010",0.0376570948917667,1010
"1011",0.0356645274251,1011
"1012",0.0316793924917667,1012
"1013",0.0279433284917667,1013
"1014",0.0361626692917667,1014
"1015",0.0438838682251,1015
"1016",0.0473708612917667,1016
"1017",0.0503597124917667,1017
"1018",0.0513559962251,1018
"1019",0.0578318404917667,1019
"1020",0.0553411311584333,1020
"1021",0.0545939183584333,1021
"1022",0.0568355567584333,1022
"1023",0.0540957764917667,1023
"1024",0.0568355567584333,1024
"1025",0.0565864858251,1025
"1026",0.0570846276917667,1026
"1027",0.0575827695584333,1027
"1028",0.0565864858251,1028
"1029",0.0560883439584333,1029
"1030",0.0565864858251,1030
"1031",0.0580809114251,1031
"1032",0.0570846276917667,1032
"1033",0.0578318404917667,1033
"1034",0.0575827695584333,1034
"1035",0.0568355567584333,1035
"1036",0.0568355567584333,1036
"1037",0.0558392730251,1037
"1038",0.0553411311584333,1038
"1039",0.0553411311584333,1039
"1040",0.0558392730251,1040
"1041",0.0558392730251,1041
"1042",0.0553411311584333,1042
"1043",0.0563374148917667,1043
"1044",0.0553411311584333,1044
"1045",0.0555902020917667,1045
"1046",0.0553411311584333,1046
"1047",0.0553411311584333,1047
"1048",0.0555902020917667,1048
"1049",0.0550920602251,1049
"1050",0.0558392730251,1050
"1051",0.0563374148917667,1051
"1052",0.0560883439584333,1052
"1053",0.0563374148917667,1053
"1054",0.0553411311584333,1054
"1055",0.0558392730251,1055
"1056",0.0543448474251,1056
"1057",0.0540957764917667,1057
"1058",0.0558392730251,1058
"1059",0.0665493231584333,1059
"1060",0.0732742383584333,1060
"1061",0.0752668058251,1061
"1062",0.0633114010251,1062
"1063",0.0580809114251,1063
"1064",0.0553411311584333,1064
"1065",0.0565864858251,1065
"1066",0.0578318404917667,1066
"1067",0.0570846276917667,1067
"1068",0.0565864858251,1068
"1069",0.0548429892917667,1069
"1070",0.0560883439584333,1070
"1071",0.0548429892917667,1071
"1072",0.0545939183584333,1072
"1073",0.0543448474251,1073
"1074",0.0553411311584333,1074
"1075",0.0558392730251,1075
"1076",0.0540957764917667,1076
"1077",0.0558392730251,1077
"1078",0.0580809114251,1078
"1079",0.0613188335584333,1079
"1080",0.0593262660917667,1080
"1081",0.0548429892917667,1081
"1082",0.0560883439584333,1082
"1083",0.0590771951584333,1083
"1084",0.0593262660917667,1084
"1085",0.0585790532917667,1085
"1086",0.0324266052917633,1086
"1087",0.0120027887584267,1087
"1088",0.0279433284917667,1088
"1089",0.0339210308917667,1089
"1090",0.0197239876917667,1090
"1091",0.0217165551584333,1091
"1092",0.0261998319584333,1092
"1093",0.0172332783584333,1093
"1094",0.0229619098251,1094
"1095",0.0261998319584333,1095
"1096",0.0149916399584333,1096
"1097",0.0194749167584333,1097
"1098",0.0276942575584333,1098
"1099",0.0162369946251,1099
"1100",0.0164860655584333,1100
"1101",0.0309321796917667,1101
"1102",0.0129990724917633,1102
"1103",0.0132481434251,1103
"1104",0.0219656260917667,1104
"1105",0.0154897818251,1105
"1106",0.0152407108917667,1106
"1107",0.0269470447584333,1107
"1108",0.0234600516917667,1108
"1109",0.0147425690251,1109
"1110",0.0234600516917667,1110
"1111",0.0162369946251,1111
"1112",0.0142444271584333,1112
"1113",0.0264489028917667,1113
"1114",0.0192258458251,1114
"1115",0.0147425690251,1115
"1116",0.0252035482251,1116
"1117",0.0177314202251,1117
"1118",0.0159879236917667,1118
"1119",0.0301849668917667,1119
"1120",0.0159879236917667,1120
"1121",0.0139953562251,1121
"1122",0.0257016900917667,1122
"1123",0.0147425690251,1123
"1124",0.0149916399584333,1124
"1125",0.0316793924917667,1125
"1126",0.0125009306251,1126
"1127",0.0115046468917667,1127
"1128",0.0100102212917633,1128
"1129",0.0137462852917667,1129
"1130",0.0296868250251,1130
"1131",0.0294377540917667,1131
"1132",0.0286905412917667,1132
"1133",0.0264489028917667,1133
"1134",0.0247054063584333,1134
"1135",0.0249544772917667,1135
"1136",0.0222146970251,1136
"1137",0.0212184132917667,1137
"1138",0.0162369946251,1138
"1139",0.0144934980917667,1139
"1140",0.0214674842251,1140
"1141",0.0192258458251,1141
"1142",0.0207202714251,1142
"1143",0.0274451866251,1143
"1144",0.0394005914251,1144
"1145",0.0468727194251,1145
"1146",0.0521032090251,1146
"1147",0.0560883439584333,1147
"1148",0.0593262660917667,1148
"1149",0.0600734788917667,1149
"1150",0.0625641882251,1150
"1151",0.0655530394251,1151
"1152",0.0675456068917667,1152
"1153",0.0697872452917667,1153
"1154",0.0720288836917667,1154
"1155",0.0722779546251,1155
"1156",0.0735233092917667,1156
"1157",0.0737723802251,1157
"1158",0.0760140186251,1158
"1159",0.0760140186251,1159
"1160",0.0755158767584333,1160
"1161",0.0765121604917667,1161
"1162",0.0767612314251,1162
"1163",0.0767612314251,1163
"1164",0.0765121604917667,1164
"1165",0.0760140186251,1165
"1166",0.0722779546251,1166
"1167",0.0670474650251,1167
"1168",0.0620660463584333,1168
"1169",0.0550920602251,1169
"1170",0.0488652868917667,1170
"1171",0.0458764356917667,1171
"1172",0.0423894426251,1172
"1173",0.0389024495584333,1173
"1174",0.0376570948917667,1174
"1175",0.0339210308917667,1175
"1176",0.0309321796917667,1176
"1177",0.0274451866251,1177
"1178",0.0257016900917667,1178
"1179",0.0239581935584333,1179
"1180",0.0229619098251,1180
"1181",0.0214674842251,1181
"1182",0.0204712004917667,1182
"1183",0.0194749167584333,1183
"1184",0.0202221295584333,1184
"1185",0.0281923994251,1185
"1186",0.0234600516917667,1186
"1187",0.0202221295584333,1187
"1188",0.0177314202251,1188
"1189",0.0184786330251,1189
"1190",0.0237091226251,1190
"1191",0.0351663855584333,1191
"1192",0.0326756762251,1192
"1193",0.0271961156917667,1193
"1194",0.0194749167584333,1194
"1195",0.0219656260917667,1195
"1196",0.0428875844917667,1196
"1197",0.0271961156917667,1197
"1198",0.0227128388917667,1198
"1199",0.0179804911584333,1199
"1200",0.0279433284917667,1200
"1201",0.0336719599584333,1201
"1202",0.0356645274251,1202
"1203",0.0344191727584333,1203
"1204",0.0359135983584333,1204
"1205",0.0384043076917667,1205
"1206",0.0301849668917667,1206
"1207",0.0252035482251,1207
"1208",0.0281923994251,1208
"1209",0.0274451866251,1209
"1210",0.0309321796917667,1210
"1211",0.0281923994251,1211
"1212",0.0296868250251,1212
"1213",0.0239581935584333,1213
"1214",0.0187277039584333,1214
"1215",0.0139953562251,1215
"1216",0.0137462852917667,1216
"1217",0.0127500015584333,1217
"1218",0.0127500015584333,1218
"1219",0.0149916399584333,1219
"1220",0.0199730586251,1220
"1221",0.0222146970251,1221
"1222",0.0184786330251,1222
"1223",0.0159879236917667,1223
"1224",0.0127500015584333,1224
"1225",0.0169842074251,1225
"1226",0.0147425690251,1226
"1227",0.0259507610251,1227
"1228",0.0271961156917667,1228
"1229",0.0219656260917667,1229
"1230",0.0144934980917667,1230
"1231",0.0139953562251,1231
"1232",0.0167351364917667,1232
"1233",0.0112555759584267,1233
"1234",0.01050836315843,1234
"1235",0.0107574340917633,1235
"1236",0.0112555759584333,1236
"1237",0.0134972143584333,1237
"1238",0.0120027887584333,1238
"1239",0.0129990724917667,1239
"1240",0.0214674842251,1240
"1241",0.0189767748917667,1241
"1242",0.0174823492917667,1242
"1243",0.0142444271584333,1243
"1244",0.0329247471584333,1244
"1245",0.0339210308917667,1245
"1246",0.0244563354251,1246
"1247",0.0232109807584333,1247
"1248",0.0276942575584333,1248
"1249",0.0406459460917667,1249
"1250",0.0458764356917667,1250
"1251",0.0468727194251,1251
"1252",0.0493634287584333,1252
"1253",0.0501106415584333,1253
"1254",0.0565864858251,1254
"1255",0.0553411311584333,1255
"1256",0.0530994927584333,1256
"1257",0.0538467055584333,1257
"1258",0.0508578543584333,1258
"1259",0.0506087834251,1259
"1260",0.0513559962251,1260
"1261",0.0491143578251,1261
"1262",0.0498615706251,1262
"1263",0.0496124996917667,1263
"1264",0.0481180740917667,1264
"1265",0.0498615706251,1265
"1266",0.0526013508917667,1266
"1267",0.0508578543584333,1267
"1268",0.0523522799584333,1268
"1269",0.0521032090251,1269
"1270",0.0516050671584333,1270
"1271",0.0516050671584333,1271
"1272",0.0508578543584333,1272
"1273",0.0506087834251,1273
"1274",0.0508578543584333,1274
"1275",0.0496124996917667,1275
"1276",0.0511069252917667,1276
"1277",0.0511069252917667,1277
"1278",0.0513559962251,1278
"1279",0.0496124996917667,1279
"1280",0.0508578543584333,1280
"1281",0.0508578543584333,1281
"1282",0.0513559962251,1282
"1283",0.0508578543584333,1283
"1284",0.0508578543584333,1284
"1285",0.0516050671584333,1285
"1286",0.0506087834251,1286
"1287",0.0508578543584333,1287
"1288",0.0508578543584333,1288
"1289",0.0513559962251,1289
"1290",0.0493634287584333,1290
"1291",0.0501106415584333,1291
"1292",0.0493634287584333,1292
"1293",0.0513559962251,1293
"1294",0.0628132591584333,1294
"1295",0.0670474650251,1295
"1296",0.0710325999584333,1296
"1297",0.0555902020917667,1297
"1298",0.0526013508917667,1298
"1299",0.0503597124917667,1299
"1300",0.0528504218251,1300
"1301",0.0533485636917667,1301
"1302",0.0535976346251,1302
"1303",0.0501106415584333,1303
"1304",0.0513559962251,1304
"1305",0.0508578543584333,1305
"1306",0.0503597124917667,1306
"1307",0.0498615706251,1307
"1308",0.0501106415584333,1308
"1309",0.0496124996917667,1309
"1310",0.0503597124917667,1310
"1311",0.0508578543584333,1311
"1312",0.0498615706251,1312
"1313",0.0548429892917667,1313
"1314",0.0560883439584333,1314
"1315",0.0540957764917667,1315
"1316",0.0508578543584333,1316
"1317",0.0521032090251,1317
"1318",0.0548429892917667,1318
"1319",0.0553411311584333,1319
"1320",0.0543448474251,1320
"1321",0.02470540635843,1321
"1322",0.0134972143584267,1322
"1323",0.0252035482251,1323
"1324",0.0227128388917667,1324
"1325",0.0144934980917667,1325
"1326",0.0122518596917667,1326
"1327",0.0125009306251,1327
"1328",0.01050836315843,1328
"1329",0.00851579569175,1329
"1330",0.00851579569175333,1330
"1331",0.0120027887584333,1331
"1332",0.0147425690251,1332
"1333",0.0137462852917667,1333
"1334",0.0227128388917667,1334
"1335",0.0311812506251,1335
"1336",0.0306831087584333,1336
"1337",0.0259507610251,1337
"1338",0.0242072644917667,1338
"1339",0.0229619098251,1339
"1340",0.0249544772917667,1340
"1341",0.0247054063584333,1341
"1342",0.0199730586251,1342
"1343",0.0132481434251,1343
"1344",0.0204712004917667,1344
"1345",0.0192258458251,1345
"1346",0.0194749167584333,1346
"1347",0.0209693423584333,1347
"1348",0.0306831087584333,1348
"1349",0.0413931588917667,1349
"1350",0.0488652868917667,1350
"1351",0.0540957764917667,1351
"1352",0.0583299823584333,1352
"1353",0.0603225498251,1353
"1354",0.0600734788917667,1354
"1355",0.0640586138251,1355
"1356",0.0658021103584333,1356
"1357",0.0680437487584333,1357
"1358",0.0705344580917667,1358
"1359",0.0715307418251,1359
"1360",0.0730251674251,1360
"1361",0.0742705220917667,1361
"1362",0.0745195930251,1362
"1363",0.0757649476917667,1363
"1364",0.0747686639584333,1364
"1365",0.0757649476917667,1365
"1366",0.0755158767584333,1366
"1367",0.0765121604917667,1367
"1368",0.0760140186251,1368
"1369",0.0760140186251,1369
"1370",0.0747686639584333,1370
"1371",0.0712816708917667,1371
"1372",0.0655530394251,1372
"1373",0.0578318404917667,1373
"1374",0.0521032090251,1374
"1375",0.0468727194251,1375
"1376",0.0431366554251,1376
"1377",0.0398987332917667,1377
"1378",0.0381552367584333,1378
"1379",0.0346682436917667,1379
"1380",0.0324266052917667,1380
"1381",0.0299358959584333,1381
"1382",0.0271961156917667,1382
"1383",0.0249544772917667,1383
"1384",0.0229619098251,1384
"1385",0.0212184132917667,1385
"1386",0.0204712004917667,1386
"1387",0.0192258458251,1387
"1388",0.0192258458251,1388
"1389",0.0259507610251,1389
"1390",0.0276942575584333,1390
"1391",0.0234600516917667,1391
"1392",0.0187277039584333,1392
"1393",0.0172332783584333,1393
"1394",0.0179804911584333,1394
"1395",0.0326756762251,1395
"1396",0.0326756762251,1396
"1397",0.0276942575584333,1397
"1398",0.0271961156917667,1398
"1399",0.0177314202251,1399
"1400",0.0296868250251,1400
"1401",0.0364117402251,1401
"1402",0.0244563354251,1402
"1403",0.0199730586251,1403
"1404",0.0214674842251,1404
"1405",0.0316793924917667,1405
"1406",0.0346682436917667,1406
"1407",0.0344191727584333,1407
"1408",0.0354154564917667,1408
"1409",0.0364117402251,1409
"1410",0.0361626692917667,1410
"1411",0.0254526191584333,1411
"1412",0.0269470447584333,1412
"1413",0.0286905412917667,1413
"1414",0.0291886831584333,1414
"1415",0.0294377540917667,1415
"1416",0.0279433284917667,1416
"1417",0.0271961156917667,1417
"1418",0.0207202714251,1418
"1419",0.0157388527584333,1419
"1420",0.0137462852917667,1420
"1421",0.0117537178251,1421
"1422",0.0117537178250967,1422
"1423",0.0144934980917667,1423
"1424",0.0147425690251,1424
"1425",0.0249544772917667,1425
"1426",0.0194749167584333,1426
"1427",0.0169842074251,1427
"1428",0.0137462852917667,1428
"1429",0.0142444271584333,1429
"1430",0.0154897818251,1430
"1431",0.0172332783584333,1431
"1432",0.0284414703584333,1432
"1433",0.0237091226251,1433
"1434",0.0177314202251,1434
"1435",0.0144934980917667,1435
"1436",0.0152407108917667,1436
"1437",0.0142444271584333,1437
"1438",0.0112555759584333,1438
"1439",0.0110065050251,1439
"1440",0.0112555759584333,1440
"1441",0.0120027887584333,1441
"1442",0.0117537178251,1442
"1443",0.0125009306251,1443
"1444",0.0159879236917667,1444
"1445",0.0224637679584333,1445
"1446",0.0182295620917667,1446
"1447",0.0159879236917667,1447
"1448",0.0177314202251,1448
"1449",0.0376570948917667,1449
"1450",0.0274451866251,1450
"1451",0.0237091226251,1451
"1452",0.0249544772917667,1452
"1453",0.0334228890251,1453
"1454",0.0423894426251,1454
"1455",0.0453782938251,1455
"1456",0.0456273647584333,1456
"1457",0.0468727194251,1457
"1458",0.0513559962251,1458
"1459",0.0523522799584333,1459
"1460",0.0506087834251,1460
"1461",0.0488652868917667,1461
"1462",0.0473708612917667,1462
"1463",0.0473708612917667,1463
"1464",0.0461255066251,1464
"1465",0.0466236484917667,1465
"1466",0.0461255066251,1466
"1467",0.0451292228917667,1467
"1468",0.0446310810251,1468
"1469",0.0441329391584333,1469
"1470",0.0463745775584333,1470
"1471",0.0448801519584333,1471
"1472",0.0458764356917667,1472
"1473",0.0466236484917667,1473
"1474",0.0471217903584333,1474
"1475",0.0463745775584333,1475
"1476",0.0463745775584333,1476
"1477",0.0458764356917667,1477
"1478",0.0456273647584333,1478
"1479",0.0461255066251,1479
"1480",0.0453782938251,1480
"1481",0.0453782938251,1481
"1482",0.0456273647584333,1482
"1483",0.0453782938251,1483
"1484",0.0453782938251,1484
"1485",0.0463745775584333,1485
"1486",0.0451292228917667,1486
"1487",0.0453782938251,1487
"1488",0.0448801519584333,1488
"1489",0.0448801519584333,1489
"1490",0.0461255066251,1490
"1491",0.0461255066251,1491
"1492",0.0461255066251,1492
"1493",0.0453782938251,1493
"1494",0.0453782938251,1494
"1495",0.0451292228917667,1495
"1496",0.0448801519584333,1496
"1497",0.0446310810251,1497
"1498",0.0508578543584333,1498
"1499",0.0578318404917667,1499
"1500",0.0655530394251,1500
"1501",0.0593262660917667,1501
"1502",0.0483671450251,1502
"1503",0.0456273647584333,1503
"1504",0.0456273647584333,1504
"1505",0.0481180740917667,1505
"1506",0.0468727194251,1506
"1507",0.0466236484917667,1507
"1508",0.0458764356917667,1508
"1509",0.0451292228917667,1509
"1510",0.0451292228917667,1510
"1511",0.0436347972917667,1511
"1512",0.0441329391584333,1512
"1513",0.0443820100917667,1513
"1514",0.0448801519584333,1514
"1515",0.0448801519584333,1515
"1516",0.0441329391584333,1516
"1517",0.0456273647584333,1517
"1518",0.0528504218251,1518
"1519",0.0461255066251,1519
"1520",0.0486162159584333,1520
"1521",0.0446310810251,1521
"1522",0.0481180740917667,1522
"1523",0.0496124996917667,1523
"1524",0.0518541380917667,1524
"1525",0.0433857263584333,1525
"1526",0.01150464689176,1526
"1527",0.0209693423584333,1527
"1528",0.0276942575584333,1528
"1529",0.0202221295584333,1529
"1530",0.0132481434251,1530
"1531",0.0127500015584333,1531
"1532",0.0125009306251,1532
"1533",0.00976115035842667,1533
"1534",0.00801765382508,1534
"1535",0.00951207942509333,1535
"1536",0.0144934980917667,1536
"1537",0.0122518596917667,1537
"1538",0.0172332783584333,1538
"1539",0.0306831087584333,1539
"1540",0.0299358959584333,1540
"1541",0.0276942575584333,1541
"1542",0.0254526191584333,1542
"1543",0.0237091226251,1543
"1544",0.0254526191584333,1544
"1545",0.0249544772917667,1545
"1546",0.0242072644917667,1546
"1547",0.0184786330251,1547
"1548",0.0152407108917667,1548
"1549",0.0222146970251,1549
"1550",0.0179804911584333,1550
"1551",0.0194749167584333,1551
"1552",0.0234600516917667,1552
"1553",0.0364117402251,1553
"1554",0.0453782938251,1554
"1555",0.0516050671584333,1555
"1556",0.0560883439584333,1556
"1557",0.0588281242251,1557
"1558",0.0590771951584333,1558
"1559",0.0620660463584333,1559
"1560",0.0645567556917667,1560
"1561",0.0667983940917667,1561
"1562",0.0685418906251,1562
"1563",0.0707835290251,1563
"1564",0.0722779546251,1564
"1565",0.0735233092917667,1565
"1566",0.0750177348917667,1566
"1567",0.0750177348917667,1567
"1568",0.0745195930251,1568
"1569",0.0742705220917667,1569
"1570",0.0747686639584333,1570
"1571",0.0752668058251,1571
"1572",0.0765121604917667,1572
"1573",0.0750177348917667,1573
"1574",0.0745195930251,1574
"1575",0.0697872452917667,1575
"1576",0.0658021103584333,1576
"1577",0.0588281242251,1577
"1578",0.0521032090251,1578
"1579",0.0458764356917667,1579
"1580",0.0426385135584333,1580
"1581",0.0384043076917667,1581
"1582",0.0371589530251,1582
"1583",0.0349173146251,1583
"1584",0.0316793924917667,1584
"1585",0.0294377540917667,1585
"1586",0.0274451866251,1586
"1587",0.0237091226251,1587
"1588",0.0229619098251,1588
"1589",0.0207202714251,1589
"1590",0.0207202714251,1590
"1591",0.0184786330251,1591
"1592",0.0194749167584333,1592
"1593",0.0189767748917667,1593
"1594",0.0274451866251,1594
"1595",0.0266979738251,1595
"1596",0.0219656260917667,1596
"1597",0.0184786330251,1597
"1598",0.0162369946251,1598
"1599",0.0217165551584333,1599
"1600",0.0341701018251,1600
"1601",0.0326756762251,1601
"1602",0.0274451866251,1602
"1603",0.0219656260917667,1603
"1604",0.0184786330251,1604
"1605",0.0411440879584333,1605
"1606",0.0294377540917667,1606
"1607",0.0224637679584333,1607
"1608",0.0177314202251,1608
"1609",0.0254526191584333,1609
"1610",0.0321775343584333,1610
"1611",0.0354154564917667,1611
"1612",0.0374080239584333,1612
"1613",0.0346682436917667,1613
"1614",0.0396496623584333,1614
"1615",0.0321775343584333,1615
"1616",0.0266979738251,1616
"1617",0.0299358959584333,1617
"1618",0.0284414703584333,1618
"1619",0.0314303215584333,1619
"1620",0.0289396122251,1620
"1621",0.0286905412917667,1621
"1622",0.0237091226251,1622
"1623",0.0179804911584333,1623
"1624",0.0149916399584333,1624
"1625",0.0122518596917667,1625
"1626",0.0132481434251,1626
"1627",0.0139953562251,1627
"1628",0.0144934980917667,1628
"1629",0.0187277039584333,1629
"1630",0.0222146970251,1630
"1631",0.0182295620917667,1631
"1632",0.0167351364917667,1632
"1633",0.0125009306251,1633
"1634",0.0174823492917667,1634
"1635",0.0134972143584333,1635
"1636",0.0254526191584333,1636
"1637",0.0224637679584333,1637
"1638",0.0184786330251,1638
"1639",0.0162369946251,1639
"1640",0.0142444271584333,1640
"1641",0.0162369946251,1641
"1642",0.0125009306251,1642
"1643",0.0115046468917667,1643
"1644",0.0112555759584333,1644
"1645",0.0127500015584333,1645
"1646",0.0132481434251,1646
"1647",0.0147425690251,1647
"1648",0.0127500015584333,1648
"1649",0.0204712004917667,1649
"1650",0.0202221295584333,1650
"1651",0.0179804911584333,1651
"1652",0.0142444271584333,1652
"1653",0.0309321796917667,1653
"1654",0.0339210308917667,1654
"1655",0.0247054063584333,1655
"1656",0.0229619098251,1656
"1657",0.0264489028917667,1657
"1658",0.0374080239584333,1658
"1659",0.0438838682251,1659
"1660",0.0438838682251,1660
"1661",0.0441329391584333,1661
"1662",0.0436347972917667,1662
"1663",0.0476199322251,1663
"1664",0.0478690031584333,1664
"1665",0.0441329391584333,1665
"1666",0.0436347972917667,1666
"1667",0.0423894426251,1667
"1668",0.0421403716917667,1668
"1669",0.0423894426251,1669
"1670",0.0413931588917667,1670
"1671",0.0418913007584333,1671
"1672",0.0406459460917667,1672
"1673",0.0401478042251,1673
"1674",0.0416422298251,1674
"1675",0.0426385135584333,1675
"1676",0.0413931588917667,1676
"1677",0.0426385135584333,1677
"1678",0.0411440879584333,1678
"1679",0.0431366554251,1679
"1680",0.0421403716917667,1680
"1681",0.0398987332917667,1681
"1682",0.0411440879584333,1682
"1683",0.0406459460917667,1683
"1684",0.0406459460917667,1684
"1685",0.0408950170251,1685
"1686",0.0403968751584333,1686
"1687",0.0408950170251,1687
"1688",0.0418913007584333,1688
"1689",0.0411440879584333,1689
"1690",0.0408950170251,1690
"1691",0.0401478042251,1691
"1692",0.0406459460917667,1692
"1693",0.0398987332917667,1693
"1694",0.0408950170251,1694
"1695",0.0418913007584333,1695
"1696",0.0406459460917667,1696
"1697",0.0406459460917667,1697
"1698",0.0408950170251,1698
"1699",0.0401478042251,1699
"1700",0.0398987332917667,1700
"1701",0.0391515204917667,1701
"1702",0.0398987332917667,1702
"1703",0.0508578543584333,1703
"1704",0.0543448474251,1704
"1705",0.0613188335584333,1705
"1706",0.0466236484917667,1706
"1707",0.0418913007584333,1707
"1708",0.0403968751584333,1708
"1709",0.0411440879584333,1709
"1710",0.0416422298251,1710
"1711",0.0428875844917667,1711
"1712",0.0408950170251,1712
"1713",0.0401478042251,1713
"1714",0.0398987332917667,1714
"1715",0.0406459460917667,1715
"1716",0.0391515204917667,1716
"1717",0.0396496623584333,1717
"1718",0.0403968751584333,1718
"1719",0.0394005914251,1719
"1720",0.0398987332917667,1720
"1721",0.0396496623584333,1721
"1722",0.0436347972917667,1722
"1723",0.0451292228917667,1723
"1724",0.0436347972917667,1724
"1725",0.0418913007584333,1725
"1726",0.0416422298251,1726
"1727",0.0431366554251,1727
"1728",0.0466236484917667,1728
"1729",0.0451292228917667,1729
"1730",0.0227128388917667,1730
"1731",0.0147425690250967,1731
"1732",0.0311812506251,1732
"1733",0.0254526191584333,1733
"1734",0.0149916399584333,1734
"1735",0.0129990724917667,1735
"1736",0.0127500015584333,1736
"1737",0.00976115035842667,1737
"1738",0.00776858289174667,1738
"1739",0.00901393755842333,1739
"1740",0.0120027887584333,1740
"1741",0.0129990724917667,1741
"1742",0.0149916399584333,1742
"1743",0.0232109807584333,1743
"1744",0.0311812506251,1744
"1745",0.0284414703584333,1745
"1746",0.0294377540917667,1746
"1747",0.0247054063584333,1747
"1748",0.0239581935584333,1748
"1749",0.0266979738251,1749
"1750",0.0276942575584333,1750
"1751",0.0214674842251,1751
"1752",0.0144934980917667,1752
"1753",0.0202221295584333,1753
"1754",0.0184786330251,1754
"1755",0.0184786330251,1755
"1756",0.0212184132917667,1756
"1757",0.0304340378251,1757
"1758",0.0408950170251,1758
"1759",0.0481180740917667,1759
"1760",0.0526013508917667,1760
"1761",0.0573336986251,1761
"1762",0.0583299823584333,1762
"1763",0.0585790532917667,1763
"1764",0.0623151172917667,1764
"1765",0.0638095428917667,1765
"1766",0.0660511812917667,1766
"1767",0.0675456068917667,1767
"1768",0.0695381743584333,1768
"1769",0.0705344580917667,1769
"1770",0.0710325999584333,1770
"1771",0.0717798127584333,1771
"1772",0.0710325999584333,1772
"1773",0.0720288836917667,1773
"1774",0.0720288836917667,1774
"1775",0.0710325999584333,1775
"1776",0.0722779546251,1776
"1777",0.0717798127584333,1777
"1778",0.0695381743584333,1778
"1779",0.0655530394251,1779
"1780",0.0580809114251,1780
"1781",0.0530994927584333,1781
"1782",0.0473708612917667,1782
"1783",0.0428875844917667,1783
"1784",0.0389024495584333,1784
"1785",0.0359135983584333,1785
"1786",0.0341701018251,1786
"1787",0.0309321796917667,1787
"1788",0.0289396122251,1788
"1789",0.0259507610251,1789
"1790",0.0232109807584333,1790
"1791",0.0219656260917667,1791
"1792",0.0199730586251,1792
"1793",0.0194749167584333,1793
"1794",0.0192258458251,1794
"1795",0.0179804911584333,1795
"1796",0.0174823492917667,1796
"1797",0.0164860655584333,1797
"1798",0.0217165551584333,1798
"1799",0.0264489028917667,1799
"1800",0.0239581935584333,1800
"1801",0.0212184132917667,1801
"1802",0.0177314202251,1802
"1803",0.0182295620917667,1803
"1804",0.0306831087584333,1804
"1805",0.0341701018251,1805
"1806",0.0261998319584333,1806
"1807",0.0294377540917667,1807
"1808",0.0187277039584333,1808
"1809",0.0349173146251,1809
"1810",0.0364117402251,1810
"1811",0.0232109807584333,1811
"1812",0.0184786330251,1812
"1813",0.0164860655584333,1813
"1814",0.0239581935584333,1814
"1815",0.0321775343584333,1815
"1816",0.0349173146251,1816
"1817",0.0379061658251,1817
"1818",0.0386533786251,1818
"1819",0.0379061658251,1819
"1820",0.0324266052917667,1820
"1821",0.0257016900917667,1821
"1822",0.0299358959584333,1822
"1823",0.0294377540917667,1823
"1824",0.0331738180917667,1824
"1825",0.0301849668917667,1825
"1826",0.0286905412917667,1826
"1827",0.0261998319584333,1827
"1828",0.0192258458251,1828
"1829",0.0139953562251,1829
"1830",0.0122518596917667,1830
"1831",0.0129990724917667,1831
"1832",0.0134972143584333,1832
"1833",0.0152407108917667,1833
"1834",0.0247054063584333,1834
"1835",0.0194749167584333,1835
"1836",0.0179804911584333,1836
"1837",0.0142444271584333,1837
"1838",0.0147425690251,1838
"1839",0.0164860655584333,1839
"1840",0.0184786330251,1840
"1841",0.0234600516917667,1841
"1842",0.0189767748917667,1842
"1843",0.0172332783584333,1843
"1844",0.0162369946251,1844
"1845",0.0144934980917667,1845
"1846",0.0139953562251,1846
"1847",0.0115046468917667,1847
"1848",0.0122518596917667,1848
"1849",0.0115046468917667,1849
"1850",0.0125009306251,1850
"1851",0.0132481434251,1851
"1852",0.0127500015584333,1852
"1853",0.0172332783584333,1853
"1854",0.0224637679584333,1854
"1855",0.0177314202251,1855
"1856",0.0142444271584333,1856
"1857",0.0194749167584333,1857
"1858",0.0369098820917667,1858
"1859",0.0286905412917667,1859
"1860",0.0227128388917667,1860
"1861",0.0244563354251,1861
"1862",0.0341701018251,1862
"1863",0.0411440879584333,1863
"1864",0.0406459460917667,1864
"1865",0.0406459460917667,1865
"1866",0.0411440879584333,1866
"1867",0.0446310810251,1867
"1868",0.0448801519584333,1868
"1869",0.0428875844917667,1869
"1870",0.0416422298251,1870
"1871",0.0413931588917667,1871
"1872",0.0403968751584333,1872
"1873",0.0398987332917667,1873
"1874",0.0398987332917667,1874
"1875",0.0394005914251,1875
"1876",0.0396496623584333,1876
"1877",0.0398987332917667,1877
"1878",0.0391515204917667,1878
"1879",0.0406459460917667,1879
"1880",0.0403968751584333,1880
"1881",0.0413931588917667,1881
"1882",0.0396496623584333,1882
"1883",0.0403968751584333,1883
"1884",0.0401478042251,1884
"1885",0.0396496623584333,1885
"1886",0.0391515204917667,1886
"1887",0.0391515204917667,1887
"1888",0.0386533786251,1888
"1889",0.0386533786251,1889
"1890",0.0408950170251,1890
"1891",0.0389024495584333,1891
"1892",0.0394005914251,1892
"1893",0.0386533786251,1893
"1894",0.0384043076917667,1894
"1895",0.0396496623584333,1895
"1896",0.0384043076917667,1896
"1897",0.0391515204917667,1897
"1898",0.0396496623584333,1898
"1899",0.0386533786251,1899
"1900",0.0389024495584333,1900
"1901",0.0386533786251,1901
"1902",0.0396496623584333,1902
"1903",0.0389024495584333,1903
"1904",0.0376570948917667,1904
"1905",0.0384043076917667,1905
"1906",0.0376570948917667,1906
"1907",0.0461255066251,1907
"1908",0.0523522799584333,1908
"1909",0.0593262660917667,1909
"1910",0.0501106415584333,1910
"1911",0.0408950170251,1911
"1912",0.0389024495584333,1912
"1913",0.0394005914251,1913
"1914",0.0421403716917667,1914
"1915",0.0406459460917667,1915
"1916",0.0391515204917667,1916
"1917",0.0398987332917667,1917
"1918",0.0386533786251,1918
"1919",0.0391515204917667,1919
"1920",0.0386533786251,1920
"1921",0.0381552367584333,1921
"1922",0.0389024495584333,1922
"1923",0.0379061658251,1923
"1924",0.0379061658251,1924
"1925",0.0384043076917667,1925
"1926",0.0394005914251,1926
"1927",0.0463745775584333,1927
"1928",0.0401478042251,1928
"1929",0.0416422298251,1929
"1930",0.0394005914251,1930
"1931",0.0418913007584333,1931
"1932",0.0423894426251,1932
"1933",0.0471217903584333,1933
"1934",0.0319284634251,1934
"1935",0.0117537178250967,1935
"1936",0.0266979738251,1936
"1937",0.0306831087584333,1937
"1938",0.0184786330251,1938
"1939",0.0129990724917667,1939
"1940",0.0127500015584333,1940
"1941",0.0110065050251,1941
"1942",0.00826672475842,1942
"1943",0.00826672475841667,1943
"1944",0.0102592922250967,1944
"1945",0.0154897818251,1945
"1946",0.0122518596917667,1946
"1947",0.0179804911584333,1947
"1948",0.0306831087584333,1948
"1949",0.0289396122251,1949
"1950",0.0291886831584333,1950
"1951",0.0261998319584333,1951
"1952",0.0257016900917667,1952
"1953",0.0286905412917667,1953
"1954",0.0294377540917667,1954
"1955",0.0254526191584333,1955
"1956",0.0157388527584333,1956
"1957",0.0162369946251,1957
"1958",0.0199730586251,1958
"1959",0.0177314202251,1959
"1960",0.0199730586251,1960
"1961",0.0239581935584333,1961
"1962",0.0349173146251,1962
"1963",0.0411440879584333,1963
"1964",0.0461255066251,1964
"1965",0.0496124996917667,1965
"1966",0.0530994927584333,1966
"1967",0.0521032090251,1967
"1968",0.0540957764917667,1968
"1969",0.0553411311584333,1969
"1970",0.0570846276917667,1970
"1971",0.0593262660917667,1971
"1972",0.0605716207584333,1972
"1973",0.0620660463584333,1973
"1974",0.0625641882251,1974
"1975",0.0628132591584333,1975
"1976",0.0635604719584333,1976
"1977",0.0633114010251,1977
"1978",0.0630623300917667,1978
"1979",0.0620660463584333,1979
"1980",0.0630623300917667,1980
"1981",0.0618169754251,1981
"1982",0.0575827695584333,1982
"1983",0.0526013508917667,1983
"1984",0.0461255066251,1984
"1985",0.0403968751584333,1985
"1986",0.0371589530251,1986
"1987",0.0331738180917667,1987
"1988",0.0299358959584333,1988
"1989",0.0271961156917667,1989
"1990",0.0249544772917667,1990
"1991",0.0239581935584333,1991
"1992",0.0224637679584333,1992
"1993",0.0209693423584333,1993
"1994",0.0194749167584333,1994
"1995",0.0187277039584333,1995
"1996",0.0169842074251,1996
"1997",0.0159879236917667,1997
"1998",0.0144934980917667,1998
"1999",0.0144934980917667,1999
"2000",0.0139953562251,2000
"2001",0.0139953562251,2001
"2002",0.0182295620917667,2002
"2003",0.0239581935584333,2003
"2004",0.0224637679584333,2004
"2005",0.0212184132917667,2005
"2006",0.0167351364917667,2006
"2007",0.0157388527584333,2007
"2008",0.0249544772917667,2008
"2009",0.0339210308917667,2009
"2010",0.0299358959584333,2010
"2011",0.0274451866251,2011
"2012",0.0184786330251,2012
"2013",0.0244563354251,2013
"2014",0.0406459460917667,2014
"2015",0.0247054063584333,2015
"2016",0.0219656260917667,2016
"2017",0.0147425690251,2017
"2018",0.0129990724917667,2018
"2019",0.0174823492917667,2019
"2020",0.0252035482251,2020
"2021",0.0331738180917667,2021
"2022",0.0354154564917667,2022
"2023",0.0436347972917667,2023
"2024",0.0379061658251,2024
"2025",0.0316793924917667,2025
"2026",0.0316793924917667,2026
"2027",0.0244563354251,2027
"2028",0.0289396122251,2028
"2029",0.0304340378251,2029
"2030",0.0351663855584333,2030
"2031",0.0309321796917667,2031
"2032",0.0284414703584333,2032
"2033",0.0261998319584333,2033
"2034",0.0194749167584333,2034
"2035",0.0139953562251,2035
"2036",0.0122518596917667,2036
"2037",0.0132481434251,2037
"2038",0.0207202714251,2038
"2039",0.0187277039584333,2039
"2040",0.0184786330251,2040
"2041",0.0164860655584333,2041
"2042",0.0159879236917667,2042
"2043",0.0172332783584333,2043
"2044",0.0159879236917667,2044
"2045",0.0237091226251,2045
"2046",0.0197239876917667,2046
"2047",0.0179804911584333,2047
"2048",0.0162369946251,2048
"2049",0.0147425690251,2049
"2050",0.0162369946251,2050
"2051",0.0129990724917667,2051
"2052",0.0117537178251,2052
"2053",0.0129990724917667,2053
"2054",0.0120027887584333,2054
"2055",0.0139953562251,2055
"2056",0.0125009306251,2056
"2057",0.0147425690251,2057
"2058",0.0214674842251,2058
"2059",0.0182295620917667,2059
"2060",0.0157388527584333,2060
"2061",0.0162369946251,2061
"2062",0.0376570948917667,2062
"2063",0.0301849668917667,2063
"2064",0.0224637679584333,2064
"2065",0.0229619098251,2065
"2066",0.0296868250251,2066
"2067",0.0403968751584333,2067
"2068",0.0416422298251,2068
"2069",0.0403968751584333,2069
"2070",0.0413931588917667,2070
"2071",0.0428875844917667,2071
"2072",0.0446310810251,2072
"2073",0.0441329391584333,2073
"2074",0.0423894426251,2074
"2075",0.0416422298251,2075
"2076",0.0411440879584333,2076
"2077",0.0416422298251,2077
"2078",0.0421403716917667,2078
"2079",0.0421403716917667,2079
"2080",0.0413931588917667,2080
"2081",0.0416422298251,2081
"2082",0.0408950170251,2082
"2083",0.0416422298251,2083
"2084",0.0406459460917667,2084
"2085",0.0401478042251,2085
"2086",0.0403968751584333,2086
"2087",0.0398987332917667,2087
"2088",0.0406459460917667,2088
"2089",0.0394005914251,2089
"2090",0.0389024495584333,2090
"2091",0.0389024495584333,2091
"2092",0.0386533786251,2092
"2093",0.0394005914251,2093
"2094",0.0379061658251,2094
"2095",0.0389024495584333,2095
"2096",0.0394005914251,2096
"2097",0.0379061658251,2097
"2098",0.0398987332917667,2098
"2099",0.0389024495584333,2099
"2100",0.0386533786251,2100
"2101",0.0394005914251,2101
"2102",0.0386533786251,2102
"2103",0.0394005914251,2103
"2104",0.0379061658251,2104
"2105",0.0386533786251,2105
"2106",0.0401478042251,2106
"2107",0.0391515204917667,2107
"2108",0.0376570948917667,2108
"2109",0.0384043076917667,2109
"2110",0.0376570948917667,2110
"2111",0.0421403716917667,2111
"2112",0.0501106415584333,2112
"2113",0.0588281242251,2113
"2114",0.0538467055584333,2114
"2115",0.0411440879584333,2115
"2116",0.0394005914251,2116
"2117",0.0386533786251,2117
"2118",0.0408950170251,2118
"2119",0.0401478042251,2119
"2120",0.0391515204917667,2120
"2121",0.0379061658251,2121
"2122",0.0386533786251,2122
"2123",0.0381552367584333,2123
"2124",0.0386533786251,2124
"2125",0.0371589530251,2125
"2126",0.0376570948917667,2126
"2127",0.0381552367584333,2127
"2128",0.0379061658251,2128
"2129",0.0391515204917667,2129
"2130",0.0398987332917667,2130
"2131",0.0453782938251,2131
"2132",0.0408950170251,2132
"2133",0.0418913007584333,2133
"2134",0.0389024495584333,2134
"2135",0.0408950170251,2135
"2136",0.0416422298251,2136
"2137",0.0478690031584333,2137
"2138",0.0369098820917667,2138
"2139",0.0110065050250933,2139
"2140",0.0229619098251,2140
"2141",0.0326756762251,2141
"2142",0.0202221295584333,2142
"2143",0.0134972143584333,2143
"2144",0.0122518596917667,2144
"2145",0.0125009306251,2145
"2146",0.00976115035842333,2146
"2147",0.00751951195841333,2147
"2148",0.01001022129176,2148
"2149",0.0134972143584333,2149
"2150",0.0125009306251,2150
"2151",0.0159879236917667,2151
"2152",0.0291886831584333,2152
"2153",0.0311812506251,2153
"2154",0.0294377540917667,2154
"2155",0.0276942575584333,2155
"2156",0.0271961156917667,2156
"2157",0.0281923994251,2157
"2158",0.0304340378251,2158
"2159",0.0281923994251,2159
"2160",0.0152407108917667,2160
"2161",0.0157388527584333,2161
"2162",0.0212184132917667,2162
"2163",0.0177314202251,2163
"2164",0.0194749167584333,2164
"2165",0.0214674842251,2165
"2166",0.0279433284917667,2166
"2167",0.0339210308917667,2167
"2168",0.0376570948917667,2168
"2169",0.0403968751584333,2169
"2170",0.0413931588917667,2170
"2171",0.0403968751584333,2171
"2172",0.0421403716917667,2172
"2173",0.0431366554251,2173
"2174",0.0428875844917667,2174
"2175",0.0446310810251,2175
"2176",0.0453782938251,2176
"2177",0.0466236484917667,2177
"2178",0.0473708612917667,2178
"2179",0.0466236484917667,2179
"2180",0.0463745775584333,2180
"2181",0.0466236484917667,2181
"2182",0.0461255066251,2182
"2183",0.0448801519584333,2183
"2184",0.0453782938251,2184
"2185",0.0421403716917667,2185
"2186",0.0376570948917667,2186
"2187",0.0334228890251,2187
"2188",0.0289396122251,2188
"2189",0.0257016900917667,2189
"2190",0.0227128388917667,2190
"2191",0.0207202714251,2191
"2192",0.0197239876917667,2192
"2193",0.0184786330251,2193
"2194",0.0167351364917667,2194
"2195",0.0167351364917667,2195
"2196",0.0157388527584333,2196
"2197",0.0147425690251,2197
"2198",0.0137462852917667,2198
"2199",0.0132481434251,2199
"2200",0.0115046468917667,2200
"2201",0.0117537178251,2201
"2202",0.0112555759584333,2202
"2203",0.0110065050251,2203
"2204",0.0112555759584333,2204
"2205",0.0120027887584333,2205
"2206",0.0157388527584333,2206
"2207",0.0212184132917667,2207
"2208",0.0207202714251,2208
"2209",0.0207202714251,2209
"2210",0.0182295620917667,2210
"2211",0.0164860655584333,2211
"2212",0.0232109807584333,2212
"2213",0.0346682436917667,2213
"2214",0.0309321796917667,2214
"2215",0.0289396122251,2215
"2216",0.0164860655584333,2216
"2217",0.0257016900917667,2217
"2218",0.0516050671584333,2218
"2219",0.0266979738251,2219
"2220",0.0274451866251,2220
"2221",0.0316793924917667,2221
"2222",0.0137462852917667,2222
"2223",0.0309321796917667,2223
"2224",0.0202221295584333,2224
"2225",0.0224637679584333,2225
"2226",0.0366608111584333,2226
"2227",0.0261998319584333,2227
"2228",0.0324266052917667,2228
"2229",0.0209693423584333,2229
"2230",0.0252035482251,2230
"2231",0.0296868250251,2231
"2232",0.0189767748917667,2232
"2233",0.0239581935584333,2233
"2234",0.0237091226251,2234
"2235",0.0194749167584333,2235
"2236",0.0299358959584333,2236
"2237",0.0247054063584333,2237
"2238",0.0242072644917667,2238
"2239",0.0227128388917667,2239
"2240",0.0209693423584333,2240
"2241",0.0266979738251,2241
"2242",0.0341701018251,2242
"2243",0.0261998319584333,2243
"2244",0.0271961156917667,2244
"2245",0.0209693423584333,2245
"2246",0.0179804911584333,2246
"2247",0.0296868250251,2247
"2248",0.0207202714251,2248
"2249",0.0296868250251,2249
"2250",0.0274451866251,2250
"2251",0.0192258458251,2251
"2252",0.0187277039584333,2252
"2253",0.0232109807584333,2253
"2254",0.0381552367584333,2254
"2255",0.0346682436917667,2255
"2256",0.0334228890251,2256
"2257",0.0326756762251,2257
"2258",0.0276942575584333,2258
"2259",0.0271961156917667,2259
"2260",0.0257016900917667,2260
"2261",0.0224637679584333,2261
"2262",0.0274451866251,2262
"2263",0.0289396122251,2263
"2264",0.0284414703584333,2264
"2265",0.0222146970251,2265
"2266",0.0234600516917667,2266
"2267",0.0174823492917667,2267
"2268",0.0134972143584333,2268
"2269",0.0172332783584333,2269
"2270",0.0207202714251,2270
"2271",0.0202221295584333,2271
"2272",0.0169842074251,2272
"2273",0.0189767748917667,2273
"2274",0.0374080239584333,2274
"2275",0.0289396122251,2275
"2276",0.0217165551584333,2276
"2277",0.0244563354251,2277
"2278",0.0326756762251,2278
"2279",0.0398987332917667,2279
"2280",0.0403968751584333,2280
"2281",0.0403968751584333,2281
"2282",0.0413931588917667,2282
"2283",0.0431366554251,2283
"2284",0.0441329391584333,2284
"2285",0.0421403716917667,2285
"2286",0.0394005914251,2286
"2287",0.0406459460917667,2287
"2288",0.0398987332917667,2288
"2289",0.0391515204917667,2289
"2290",0.0398987332917667,2290
"2291",0.0396496623584333,2291
"2292",0.0391515204917667,2292
"2293",0.0396496623584333,2293
"2294",0.0411440879584333,2294
"2295",0.0401478042251,2295
"2296",0.0403968751584333,2296
"2297",0.0401478042251,2297
"2298",0.0394005914251,2298
"2299",0.0401478042251,2299
"2300",0.0398987332917667,2300
"2301",0.0394005914251,2301
"2302",0.0396496623584333,2302
"2303",0.0376570948917667,2303
"2304",0.0396496623584333,2304
"2305",0.0381552367584333,2305
"2306",0.0384043076917667,2306
"2307",0.0384043076917667,2307
"2308",0.0391515204917667,2308
"2309",0.0394005914251,2309
"2310",0.0401478042251,2310
"2311",0.0394005914251,2311
"2312",0.0374080239584333,2312
"2313",0.0389024495584333,2313
"2314",0.0384043076917667,2314
"2315",0.0379061658251,2315
"2316",0.0396496623584333,2316
"2317",0.0384043076917667,2317
"2318",0.0391515204917667,2318
"2319",0.0386533786251,2319
"2320",0.0371589530251,2320
"2321",0.0386533786251,2321
"2322",0.0371589530251,2322
"2323",0.0448801519584333,2323
"2324",0.0508578543584333,2324
"2325",0.0593262660917667,2325
"2326",0.0486162159584333,2326
"2327",0.0416422298251,2327
"2328",0.0389024495584333,2328
"2329",0.0379061658251,2329
"2330",0.0408950170251,2330
"2331",0.0389024495584333,2331
"2332",0.0391515204917667,2332
"2333",0.0381552367584333,2333
"2334",0.0384043076917667,2334
"2335",0.0384043076917667,2335
"2336",0.0374080239584333,2336
"2337",0.0371589530251,2337
"2338",0.0379061658251,2338
"2339",0.0369098820917667,2339
"2340",0.0376570948917667,2340
"2341",0.0386533786251,2341
"2342",0.0394005914251,2342
"2343",0.0451292228917667,2343
"2344",0.0408950170251,2344
"2345",0.0421403716917667,2345
"2346",0.0386533786251,2346
"2347",0.0408950170251,2347
"2348",0.0431366554251,2348
"2349",0.0456273647584333,2349
"2350",0.0319284634251,2350
"2351",0.0117537178250967,2351
"2352",0.0276942575584333,2352
"2353",0.0291886831584333,2353
"2354",0.0164860655584333,2354
"2355",0.0129990724917667,2355
"2356",0.0122518596917667,2356
"2357",0.0120027887584333,2357
"2358",0.00851579569175333,2358
"2359",0.00876486662508333,2359
"2360",0.0107574340917667,2360
"2361",0.0149916399584333,2361
"2362",0.0122518596917667,2362
"2363",0.0179804911584333,2363
"2364",0.0324266052917667,2364
"2365",0.0291886831584333,2365
"2366",0.0301849668917667,2366
"2367",0.0274451866251,2367
"2368",0.0261998319584333,2368
"2369",0.0281923994251,2369
"2370",0.0306831087584333,2370
"2371",0.0249544772917667,2371
"2372",0.0149916399584333,2372
"2373",0.0174823492917667,2373
"2374",0.0199730586251,2374
"2375",0.0167351364917667,2375
"2376",0.0179804911584333,2376
"2377",0.0172332783584333,2377
"2378",0.0209693423584333,2378
"2379",0.0224637679584333,2379
"2380",0.0257016900917667,2380
"2381",0.0274451866251,2381
"2382",0.0261998319584333,2382
"2383",0.0269470447584333,2383
"2384",0.0281923994251,2384
"2385",0.0261998319584333,2385
"2386",0.0279433284917667,2386
"2387",0.0289396122251,2387
"2388",0.0296868250251,2388
"2389",0.0289396122251,2389
"2390",0.0294377540917667,2390
"2391",0.0286905412917667,2391
"2392",0.0286905412917667,2392
"2393",0.0284414703584333,2393
"2394",0.0274451866251,2394
"2395",0.0261998319584333,2395
"2396",0.0247054063584333,2396
"2397",0.0212184132917667,2397
"2398",0.0184786330251,2398
"2399",0.0172332783584333,2399
"2400",0.0149916399584333,2400
"2401",0.0139953562251,2401
"2402",0.0132481434251,2402
"2403",0.0127500015584333,2403
"2404",0.0125009306251,2404
"2405",0.0107574340917667,2405
"2406",0.0112555759584333,2406
"2407",0.0102592922250967,2407
"2408",0.0107574340917667,2408
"2409",0.01001022129176,2409
"2410",0.0107574340917667,2410
"2411",0.0102592922250933,2411
"2412",0.00951207942509333,2412
"2413",0.00976115035842667,2413
"2414",0.00951207942509333,2414
"2415",0.00951207942509,2415
"2416",0.00976115035842333,2416
"2417",0.0102592922250967,2417
"2418",0.0169842074251,2418
"2419",0.0209693423584333,2419
"2420",0.0199730586251,2420
"2421",0.0207202714251,2421
"2422",0.0187277039584333,2422
"2423",0.0179804911584333,2423
"2424",0.0296868250251,2424
"2425",0.0326756762251,2425
"2426",0.0252035482251,2426
"2427",0.0299358959584333,2427
"2428",0.0189767748917667,2428
"2429",0.0423894426251,2429
"2430",0.0379061658251,2430
"2431",0.0411440879584333,2431
"2432",0.0259507610251,2432
"2433",0.0212184132917667,2433
"2434",0.0259507610251,2434
"2435",0.0314303215584333,2435
"2436",0.0252035482251,2436
"2437",0.0274451866251,2437
"2438",0.0344191727584333,2438
"2439",0.0349173146251,2439
"2440",0.0289396122251,2440
"2441",0.0237091226251,2441
"2442",0.0286905412917667,2442
"2443",0.0276942575584333,2443
"2444",0.0271961156917667,2444
"2445",0.0219656260917667,2445
"2446",0.0334228890251,2446
"2447",0.0229619098251,2447
"2448",0.0284414703584333,2448
"2449",0.0207202714251,2449
"2450",0.0349173146251,2450
"2451",0.0222146970251,2451
"2452",0.0294377540917667,2452
"2453",0.0214674842251,2453
"2454",0.0451292228917667,2454
"2455",0.0249544772917667,2455
"2456",0.0194749167584333,2456
"2457",0.0179804911584333,2457
"2458",0.0189767748917667,2458
"2459",0.0194749167584333,2459
"2460",0.0269470447584333,2460
"2461",0.0471217903584333,2461
"2462",0.0416422298251,2462
"2463",0.0396496623584333,2463
"2464",0.0376570948917667,2464
"2465",0.0291886831584333,2465
"2466",0.0266979738251,2466
"2467",0.0224637679584333,2467
"2468",0.0184786330251,2468
"2469",0.0266979738251,2469
"2470",0.0286905412917667,2470
"2471",0.0304340378251,2471
"2472",0.0234600516917667,2472
"2473",0.0209693423584333,2473
"2474",0.0152407108917667,2474
"2475",0.00926300849175333,2475
"2476",0.00976115035842,2476
"2477",0.0144934980917667,2477
"2478",0.0132481434251,2478
"2479",0.0110065050250967,2479
"2480",0.0162369946251,2480
"2481",0.0334228890251,2481
"2482",0.0321775343584333,2482
"2483",0.0326756762251,2483
"2484",0.0294377540917667,2484
"2485",0.0274451866251,2485
"2486",0.0284414703584333,2486
"2487",0.0291886831584333,2487
"2488",0.0259507610251,2488
"2489",0.0139953562251,2489
"2490",0.01125557595843,2490
"2491",0.0107574340917633,2491
"2492",0.00901393755842333,2492
"2493",0.00826672475841667,2493
"2494",0.00901393755842,2494
"2495",0.01001022129176,2495
"2496",0.00901393755842333,2496
"2497",0.00901393755842,2497
"2498",0.0122518596917667,2498
"2499",0.0291886831584333,2499
"2500",0.0324266052917667,2500
"2501",0.0326756762251,2501
"2502",0.0309321796917667,2502
"2503",0.0299358959584333,2503
"2504",0.0349173146251,2504
"2505",0.0321775343584333,2505
"2506",0.0177314202251,2506
"2507",0.0127500015584333,2507
"2508",0.0259507610251,2508
"2509",0.0249544772917667,2509
"2510",0.0261998319584333,2510
"2511",0.0244563354251,2511
"2512",0.0324266052917667,2512
"2513",0.0403968751584333,2513
"2514",0.0471217903584333,2514
"2515",0.0498615706251,2515
"2516",0.0523522799584333,2516
"2517",0.0526013508917667,2517
"2518",0.0563374148917667,2518
"2519",0.0603225498251,2519
"2520",0.0605716207584333,2520
"2521",0.0648058266251,2521
"2522",0.0653039684917667,2522
"2523",0.0665493231584333,2523
"2524",0.0675456068917667,2524
"2525",0.0672965359584333,2525
"2526",0.0675456068917667,2526
"2527",0.0680437487584333,2527
"2528",0.0682928196917667,2528
"2529",0.0675456068917667,2529
"2530",0.0682928196917667,2530
"2531",0.0675456068917667,2531
"2532",0.0687909615584333,2532
"2533",0.0658021103584333,2533
"2534",0.0605716207584333,2534
"2535",0.0545939183584333,2535
"2536",0.0496124996917667,2536
"2537",0.0441329391584333,2537
"2538",0.0374080239584333,2538
"2539",0.0334228890251,2539
"2540",0.0319284634251,2540
"2541",0.0294377540917667,2541
"2542",0.0269470447584333,2542
"2543",0.0266979738251,2543
"2544",0.0237091226251,2544
"2545",0.0214674842251,2545
"2546",0.0209693423584333,2546
"2547",0.0192258458251,2547
"2548",0.0182295620917667,2548
"2549",0.0172332783584333,2549
"2550",0.0169842074251,2550
"2551",0.0157388527584333,2551
"2552",0.0174823492917667,2552
"2553",0.0224637679584333,2553
"2554",0.0167351364917667,2554
"2555",0.0144934980917667,2555
"2556",0.0137462852917667,2556
"2557",0.0120027887584333,2557
"2558",0.0279433284917667,2558
"2559",0.0354154564917667,2559
"2560",0.0349173146251,2560
"2561",0.0319284634251,2561
"2562",0.0281923994251,2562
"2563",0.0174823492917667,2563
"2564",0.0132481434251,2564
"2565",0.0478690031584333,2565
"2566",0.0426385135584333,2566
"2567",0.0334228890251,2567
"2568",0.0214674842251,2568
"2569",0.0197239876917667,2569
"2570",0.0177314202251,2570
"2571",0.0192258458251,2571
"2572",0.0167351364917667,2572
"2573",0.0157388527584333,2573
"2574",0.0197239876917667,2574
"2575",0.0177314202251,2575
"2576",0.0159879236917667,2576
"2577",0.0164860655584333,2577
"2578",0.0149916399584333,2578
"2579",0.0139953562251,2579
"2580",0.0154897818251,2580
"2581",0.0142444271584333,2581
"2582",0.0137462852917667,2582
"2583",0.0132481434251,2583
"2584",0.0139953562251,2584
"2585",0.0147425690251,2585
"2586",0.0142444271584333,2586
"2587",0.0147425690251,2587
"2588",0.0139953562251,2588
"2589",0.0184786330251,2589
"2590",0.0227128388917667,2590
"2591",0.0162369946251,2591
"2592",0.0132481434251,2592
"2593",0.0125009306251,2593
"2594",0.0184786330251,2594
"2595",0.0142444271584333,2595
"2596",0.0237091226251,2596
"2597",0.0212184132917667,2597
"2598",0.0199730586251,2598
"2599",0.0139953562251,2599
"2600",0.0142444271584333,2600
"2601",0.0137462852917667,2601
"2602",0.0110065050250967,2602
"2603",0.00776858289174667,2603
"2604",0.00801765382508,2604
"2605",0.0100102212917633,2605
"2606",0.0117537178251,2606
"2607",0.0100102212917633,2607
"2608",0.0107574340917633,2608
"2609",0.0129990724917667,2609
"2610",0.0117537178251,2610
"2611",0.0110065050251,2611
"2612",0.0112555759584333,2612
"2613",0.0112555759584333,2613
"2614",0.0117537178251,2614
"2615",0.00876486662508667,2615
"2616",0.00801765382508333,2616
"2617",0.0110065050250933,2617
"2618",0.0132481434251,2618
"2619",0.00876486662508667,2619
"2620",0.00876486662508667,2620
"2621",0.00826672475841667,2621
"2622",0.00951207942508667,2622
"2623",0.00876486662508667,2623
"2624",0.0105083631584267,2624
"2625",0.00976115035842333,2625
"2626",0.0102592922250967,2626
